scenario,corridor,philosophy,n_waypoints,waypoints_chain
CAPE_VAR1_service,CAPE,VAR1,10,"(52.0,4.1) → (36.0,-5.6) → (14.7,-17.5) → (-34.0,18.5) → (-20.0,40.0) → (0.0,70.0) → (1.2,103.5) → (15.0,120.0) → (35.0,140.0) → (35.5,139.7)"
CAPE_VAR2_bluewater,CAPE,VAR2,9,"(52.0,4.1) → (30.0,-20.0) → (-10.0,-25.0) → (-34.0,18.5) → (-30.0,60.0) → (1.2,103.5) → (20.0,130.0) → (35.0,140.0) → (35.5,139.7)"
CAPE_VAR3_coast,CAPE,VAR3,12,"(52.0,4.1) → (36.0,-5.6) → (5.0,-5.0) → (-20.0,12.0) → (-34.0,18.5) → (-25.0,35.0) → (-20.0,40.0) → (6.0,80.6) → (1.2,103.5) → (22.0,121.0) → (35.0,140.0) → (35.5,139.7)"
NSR_VAR1_service,NSR,VAR1,9,"(52.0,4.1) → (71.0,25.0) → (70.5,58.0) → (76.0,102.0) → (72.0,160.0) → (66.0,-169.0) → (43.0,150.0) → (35.0,140.0) → (35.5,139.7)"
NSR_VAR2_bluewater,NSR,VAR2,9,"(52.0,4.1) → (73.0,35.0) → (70.5,58.0) → (76.5,120.0) → (73.0,150.0) → (66.0,-169.0) → (43.0,150.0) → (35.0,140.0) → (35.5,139.7)"
NSR_VAR3_coast,NSR,VAR3,9,"(52.0,4.1) → (70.0,33.0) → (70.5,58.0) → (75.0,110.0) → (71.0,165.0) → (66.0,-169.0) → (43.0,150.0) → (35.0,140.0) → (35.5,139.7)"
SUEZ_VAR1_service,SUEZ,VAR1,10,"(52.0,4.1) → (50.5,1.0) → (36.0,-5.6) → (30.0,32.6) → (12.6,43.3) → (6.0,80.6) → (1.2,103.5) → (15.0,120.0) → (35.0,140.0) → (35.5,139.7)"
SUEZ_VAR2_bluewater,SUEZ,VAR2,10,"(52.0,4.1) → (48.0,-10.0) → (36.0,-5.6) → (30.0,32.6) → (12.6,43.3) → (0.0,70.0) → (1.2,103.5) → (20.0,130.0) → (35.0,140.0) → (35.5,139.7)"
SUEZ_VAR3_coast,SUEZ,VAR3,13,"(52.0,4.1) → (50.5,1.0) → (36.0,-5.6) → (33.5,20.0) → (30.0,32.6) → (20.0,39.0) → (12.6,43.3) → (14.0,55.0) → (6.0,80.6) → (1.2,103.5) → (22.0,121.0) → (35.0,140.0) → (35.5,139.7)"
