scenario,variant,corridor,method,distance_nm,speed_kn,hours,days,fuel_me_t,fuel_aux_t,fuel_t,co2_t,tag
SUEZ_VAR1_GC,SUEZ_VAR1,SUEZ,GC,10775.534183125275,14.5,743.1402884913983,30.964178687141597,1393.3880409213718,154.820893435708,1548.20893435708,4821.122621587947,DEST_YOKOHAMA
SUEZ_VAR1_SEA,SUEZ_VAR1,SUEZ,SEA,11395.615884850615,14.5,785.904543782801,32.74602265761671,1473.571019592752,163.73011328808357,1637.3011328808357,5098.555727790922,DEST_YOKOHAMA
SUEZ_VAR2_GC,SUEZ_VAR2,SUEZ,GC,9057.831474156788,14.5,624.6780327004682,26.02825136251951,1171.271311313378,130.14125681259753,1301.4125681259754,4052.5987371442875,DEST_YOKOHAMA
SUEZ_VAR2_SEA,SUEZ_VAR2,SUEZ,SEA,11395.615884850617,14.5,785.9045437828012,32.74602265761671,1473.571019592752,163.73011328808357,1637.3011328808357,5098.555727790922,DEST_YOKOHAMA
SUEZ_VAR3_GC,SUEZ_VAR3,SUEZ,GC,10331.922259960867,14.5,712.5463627559219,29.689431781496747,1336.0244301673536,148.44715890748373,1484.4715890748373,4622.644528379044,DEST_YOKOHAMA
SUEZ_VAR3_SEA,SUEZ_VAR3,SUEZ,SEA,11443.730329576389,14.5,789.2227813500957,32.884282556253986,1479.7927150314295,164.42141278126994,1644.2141278126994,5120.082794008746,DEST_YOKOHAMA
CAPE_VAR1_GC,CAPE_VAR1,CAPE,GC,13998.42412118518,14.0,999.8874372275129,41.661976551146374,1916.4509213527333,208.30988275573188,2124.760804108465,6616.50514399376,DEST_YOKOHAMA
CAPE_VAR1_SEA,CAPE_VAR1,CAPE,SEA,15634.186371280233,14.0,1116.727597948588,46.530316581191165,2140.3945627347935,232.65158290595582,2373.0461456407493,7389.665697525293,DEST_YOKOHAMA
CAPE_VAR2_GC,CAPE_VAR2,CAPE,GC,14185.007377489874,14.0,1013.2148126778482,42.21728386157701,1941.9950576325425,211.08641930788505,2153.0814769404274,6704.69571919249,DEST_YOKOHAMA
CAPE_VAR2_SEA,CAPE_VAR2,CAPE,SEA,15151.046025823287,14.0,1082.2175732730918,45.092398886378824,2074.2503487734257,225.4619944318941,2299.71234320532,7161.304236741366,DEST_YOKOHAMA
CAPE_VAR3_GC,CAPE_VAR3,CAPE,GC,14479.023302102547,14.0,1034.215950150182,43.09233125625758,1982.2472377878487,215.4616562812879,2197.7088940691365,6843.665496131291,DEST_YOKOHAMA
CAPE_VAR3_SEA,CAPE_VAR3,CAPE,SEA,15204.081061207844,14.0,1086.0057900862746,45.25024125359477,2081.5110976653596,226.25120626797386,2307.7623039333334,7186.3718144484,DEST_YOKOHAMA
NSR_VAR1_GC,NSR_VAR1,NSR,GC,7230.228464092291,12.5,578.4182771273832,24.1007615469743,795.325131050152,120.5038077348715,915.8289387850235,2851.891315376563,DEST_YOKOHAMA
NSR_VAR1_SEA,NSR_VAR1,NSR,SEA,8402.201061688691,12.5,672.1760849350953,28.00733687229564,924.242116785756,140.0366843614782,1064.2788011472342,3314.164186772487,DEST_YOKOHAMA
NSR_VAR2_GC,NSR_VAR2,NSR,GC,7239.555832952366,12.5,579.1644666361892,24.131852776507884,796.3511416247602,120.65926388253942,917.0104055072997,2855.570402749731,DEST_YOKOHAMA
NSR_VAR2_SEA,NSR_VAR2,NSR,SEA,10477.038287140018,12.5,838.1630629712014,34.92346095713339,1152.474211585402,174.61730478566696,1327.0915163710688,4132.562981979508,DEST_YOKOHAMA
NSR_VAR3_GC,NSR_VAR3,NSR,GC,7152.171650796732,12.5,572.1737320637386,23.840572169322442,786.7388815876405,119.20286084661221,905.9417424342528,2821.102585940263,DEST_YOKOHAMA
NSR_VAR3_SEA,NSR_VAR3,NSR,SEA,9993.719879157543,12.5,799.4975903326034,33.312399597191806,1099.3091867073297,166.56199798595904,1265.8711846932888,3941.9228691349012,DEST_YOKOHAMA
SUEZ_VAR1_GC,SUEZ_VAR1,SUEZ,GC,10352.795170019634,14.5,713.9858737944575,29.749411408102393,1338.7235133646077,148.74705704051198,1487.4705704051196,4631.983356241542,DEST_BUSAN
SUEZ_VAR1_SEA,SUEZ_VAR1,SUEZ,SEA,10959.98007225515,14.5,755.8606946382862,31.494195609928592,1417.2388024467866,157.47097804964295,1574.7097804964296,4903.646256465881,DEST_BUSAN
SUEZ_VAR2_GC,SUEZ_VAR2,SUEZ,GC,8635.092461051148,14.5,595.5236180035274,24.813484083480308,1116.6067837566138,124.06742041740154,1240.6742041740154,3863.4594717978835,DEST_BUSAN
SUEZ_VAR2_SEA,SUEZ_VAR2,SUEZ,SEA,10959.980072255152,14.5,755.8606946382863,31.494195609928596,1417.2388024467868,157.47097804964298,1574.7097804964299,4903.646256465882,DEST_BUSAN
SUEZ_VAR3_GC,SUEZ_VAR3,SUEZ,GC,9909.183246855226,14.5,683.391948058981,28.474664502457543,1281.3599026105894,142.3733225122877,1423.7332251228772,4433.50526303264,DEST_BUSAN
SUEZ_VAR3_SEA,SUEZ_VAR3,SUEZ,SEA,11008.094516980924,14.5,759.178932205581,31.632455508565872,1423.4604978854643,158.16227754282937,1581.6227754282936,4925.173322683706,DEST_BUSAN
CAPE_VAR1_GC,CAPE_VAR1,CAPE,GC,13575.68510807954,14.0,969.6917934342529,40.4038247264272,1858.5759374156514,202.01912363213603,2060.5950610477876,6416.69302010281,DEST_BUSAN
CAPE_VAR1_SEA,CAPE_VAR1,CAPE,SEA,15198.550558684768,14.0,1085.6107541917693,45.23378142465705,2080.7539455342244,226.16890712328527,2306.92285265751,7183.757763175485,DEST_BUSAN
CAPE_VAR2_GC,CAPE_VAR2,CAPE,GC,13762.268364384234,14.0,983.0191688845881,40.95913203685784,1884.1200736954606,204.7956601842892,2088.91573387975,6504.883595301541,DEST_BUSAN
CAPE_VAR2_SEA,CAPE_VAR2,CAPE,SEA,14715.410213227822,14.0,1051.100729516273,43.79586372984471,2014.6097315728566,218.97931864922356,2233.58905022208,6955.396302391557,DEST_BUSAN
CAPE_VAR3_GC,CAPE_VAR3,CAPE,GC,14056.284288996905,14.0,1004.0203063569218,41.83417943153841,1924.3722538507668,209.17089715769205,2133.543151008459,6643.853372240341,DEST_BUSAN
CAPE_VAR3_SEA,CAPE_VAR3,CAPE,SEA,14768.44524861238,14.0,1054.8889463294556,43.95370609706065,2021.87048046479,219.76853048530327,2241.6390109500935,6980.463880098591,DEST_BUSAN
NSR_VAR1_GC,NSR_VAR1,NSR,GC,7452.484154508625,12.5,596.19873236069,24.841613848362083,819.7732569959487,124.20806924181042,943.9813262377592,2939.557849904382,DEST_BUSAN
NSR_VAR1_SEA,NSR_VAR1,NSR,SEA,8783.767056508628,12.5,702.7013645206903,29.279223521695428,966.2143762159492,146.39611760847714,1112.6104938244264,3464.669077769264,DEST_BUSAN
NSR_VAR2_GC,NSR_VAR2,NSR,GC,7461.811523368699,12.5,596.9449218694959,24.872705077895663,820.7992675705569,124.36352538947831,945.1627929600353,2943.2369372775497,DEST_BUSAN
NSR_VAR2_SEA,NSR_VAR2,NSR,SEA,10858.604281959953,12.5,868.6883425567962,36.195347606533176,1194.4464710155949,180.97673803266588,1375.4232090482608,4283.067872976284,DEST_BUSAN
NSR_VAR3_GC,NSR_VAR3,NSR,GC,7374.427341213066,12.5,589.9541872970453,24.58142447071022,811.1870075334373,122.9071223535511,934.0941298869884,2908.769120468082,DEST_BUSAN
NSR_VAR3_SEA,NSR_VAR3,NSR,SEA,10375.285873977478,12.5,830.0228699181982,34.584286246591596,1141.2814461375226,172.92143123295799,1314.2028773704806,4092.427760131676,DEST_BUSAN
SUEZ_VAR1_GC,SUEZ_VAR1,SUEZ,GC,9948.098404449127,14.5,686.0757520309743,28.586489667957263,1286.3920350580768,142.9324483397863,1429.324483397863,4450.916441300946,DEST_SHANGHAI
SUEZ_VAR1_SEA,SUEZ_VAR1,SUEZ,SEA,10587.160759671377,14.5,730.1490179083708,30.422875746182115,1369.0294085781952,152.11437873091057,1521.1437873091058,4736.8417536805555,DEST_SHANGHAI
SUEZ_VAR2_GC,SUEZ_VAR2,SUEZ,GC,8230.39569548064,14.5,567.6134962400441,23.65056234333517,1064.2753054500827,118.25281171667585,1182.5281171667584,3682.3925568572854,DEST_SHANGHAI
SUEZ_VAR2_SEA,SUEZ_VAR2,SUEZ,SEA,10587.160759671378,14.5,730.149017908371,30.422875746182125,1369.0294085781957,152.11437873091063,1521.1437873091063,4736.841753680556,DEST_SHANGHAI
SUEZ_VAR3_GC,SUEZ_VAR3,SUEZ,GC,9504.48648128472,14.5,655.481826295498,27.311742762312416,1229.0284243040587,136.5587138115621,1365.5871381156207,4252.438348092043,DEST_SHANGHAI
SUEZ_VAR3_SEA,SUEZ_VAR3,SUEZ,SEA,10635.27520439715,14.5,733.4672554756655,30.561135644819398,1375.251104016873,152.805678224097,1528.0567822409698,4758.36881989838,DEST_SHANGHAI
CAPE_VAR1_GC,CAPE_VAR1,CAPE,GC,13170.988342509034,14.0,940.7848816077882,39.19937006699117,1803.1710230815938,195.99685033495587,1999.1678734165498,6225.408757819136,DEST_SHANGHAI
CAPE_VAR1_SEA,CAPE_VAR1,CAPE,SEA,14825.731246100995,14.0,1058.9808032929282,44.12420013720534,2029.7132063114457,220.62100068602672,2250.3342069974724,7007.540720590128,DEST_SHANGHAI
CAPE_VAR2_GC,CAPE_VAR2,CAPE,GC,13357.571598813727,14.0,954.1122570581234,39.75467737742181,1828.715159361403,198.77338688710904,2027.4885462485122,6313.599333017867,DEST_SHANGHAI
CAPE_VAR2_SEA,CAPE_VAR2,CAPE,SEA,14342.590900644049,14.0,1024.470778617432,42.686282442393,1963.5689923500781,213.431412211965,2177.000404562043,6779.179259806202,DEST_SHANGHAI
CAPE_VAR3_GC,CAPE_VAR3,CAPE,GC,13651.5875234264,14.0,975.1133945304572,40.629724772102385,1868.9673395167097,203.14862386051192,2072.1159633772218,6452.569109956668,DEST_SHANGHAI
CAPE_VAR3_SEA,CAPE_VAR3,CAPE,SEA,14395.625936028606,14.0,1028.2589954306147,42.84412480960895,1970.8297412420118,214.22062404804475,2185.0503652900566,6804.246837513236,DEST_SHANGHAI
NSR_VAR1_GC,NSR_VAR1,NSR,GC,7830.800611207271,12.5,626.4640488965816,26.102668704024236,861.3880672327998,130.51334352012117,991.901410752921,3088.780993084596,DEST_SHANGHAI
NSR_VAR1_SEA,NSR_VAR1,NSR,SEA,9245.317077987636,12.5,739.6253662390109,30.81772359329212,1016.98487857864,154.0886179664606,1171.0734965451006,3646.7228682414434,DEST_SHANGHAI
NSR_VAR2_GC,NSR_VAR2,NSR,GC,7840.127980067346,12.5,627.2102384053876,26.133759933557815,862.4140778074079,130.66879966778907,993.0828774751969,3092.460080457763,DEST_SHANGHAI
NSR_VAR2_SEA,NSR_VAR2,NSR,SEA,11320.154303438963,12.5,905.612344275117,37.73384767812988,1245.216973378286,188.66923839064938,1433.8862117689353,4465.1216634484645,DEST_SHANGHAI
NSR_VAR3_GC,NSR_VAR3,NSR,GC,7752.743797911712,12.5,620.219503832937,25.842479326372374,852.8018177702884,129.21239663186188,982.0142144021503,3057.992263648296,DEST_SHANGHAI
NSR_VAR3_SEA,NSR_VAR3,NSR,SEA,10836.835895456488,12.5,866.9468716365191,36.1227863181883,1192.0519485002137,180.6139315909415,1372.6658800911553,4274.481550603858,DEST_SHANGHAI
